{"cameraMode":{"drawMode":0,"name":"Shaded","section":"Shading Mode"},"sceneLighting":false,"audioPlay":false,"sceneViewState":{"m_AlwaysRefresh":false,"showFog":true,"showSkybox":false,"showFlares":true,"showImageEffects":true,"showParticleSystems":true,"showVisualEffectGraphs":true,"m_FxEnabled":true},"in2DMode":false,"pivot":{"x":-5.973441123962402,"y":4.417656898498535,"z":0.010121464729309082},"rotation":{"x":0.01055870857089758,"y":0.987595796585083,"z":-0.07600296288728714,"w":0.13776041567325593},"size":4.764627933502197,"orthographic":true}