{"cameraMode":{"drawMode":0,"name":"Shaded","section":"Shading Mode"},"sceneLighting":false,"audioPlay":false,"sceneViewState":{"m_AlwaysRefresh":false,"showFog":true,"showSkybox":false,"showFlares":true,"showImageEffects":true,"showParticleSystems":true,"showVisualEffectGraphs":true,"m_FxEnabled":true},"in2DMode":false,"pivot":{"x":-0.006971120834350586,"y":2.1814115047454836,"z":0.00038552284240722656},"rotation":{"x":0.33139872550964358,"y":0.12285307049751282,"z":-0.04383458197116852,"w":0.9345740675926209},"size":2.73207688331604,"orthographic":false}