{"cameraMode":{"drawMode":0,"name":"Shaded","section":"Shading Mode"},"sceneLighting":false,"audioPlay":false,"sceneViewState":{"m_AlwaysRefresh":false,"showFog":true,"showSkybox":false,"showFlares":true,"showImageEffects":true,"showParticleSystems":true,"showVisualEffectGraphs":true,"m_FxEnabled":true},"in2DMode":false,"pivot":{"x":0.25355297327041628,"y":2.3798556327819826,"z":4.542752742767334},"rotation":{"x":0.010404020547866822,"y":0.2452823519706726,"z":-0.0029109222814440729,"w":0.9695327281951904},"size":0.18446442484855653,"orthographic":false}