{"cameraMode":{"drawMode":0,"name":"Shaded","section":"Shading Mode"},"sceneLighting":false,"audioPlay":false,"sceneViewState":{"m_AlwaysRefresh":false,"showFog":true,"showSkybox":false,"showFlares":true,"showImageEffects":true,"showParticleSystems":true,"showVisualEffectGraphs":true,"m_FxEnabled":true},"in2DMode":false,"pivot":{"x":5.666690826416016,"y":7.805846214294434,"z":-12.045577049255371},"rotation":{"x":-0.00031302496790885925,"y":0.998090386390686,"z":-0.06326352804899216,"w":-0.0038949446752667429},"size":14.855992317199707,"orthographic":true}