{"cameraMode":{"drawMode":0,"name":"Shaded","section":"Shading Mode"},"sceneLighting":false,"audioPlay":false,"sceneViewState":{"m_AlwaysRefresh":false,"showFog":true,"showSkybox":false,"showFlares":true,"showImageEffects":true,"showParticleSystems":true,"showVisualEffectGraphs":true,"m_FxEnabled":true},"in2DMode":false,"pivot":{"x":1.4692468643188477,"y":9.992314338684082,"z":-3.7514867782592775},"rotation":{"x":0.03472362458705902,"y":0.05722619965672493,"z":-0.0022708491887897255,"w":0.9978922605514526},"size":7.1533942222595219,"orthographic":false}