{"cameraMode":{"drawMode":0,"name":"Shaded","section":"Shading Mode"},"sceneLighting":true,"audioPlay":false,"sceneViewState":{"m_AlwaysRefresh":false,"showFog":true,"showSkybox":false,"showFlares":true,"showImageEffects":true,"showParticleSystems":true,"showVisualEffectGraphs":true,"m_FxEnabled":true},"in2DMode":false,"pivot":{"x":4.766400337219238,"y":2.265477418899536,"z":0.5775356292724609},"rotation":{"x":-0.07955453544855118,"y":-0.11993098258972168,"z":-0.011584505438804627,"w":0.9902197122573853},"size":5.783408164978027,"orthographic":true}