{"cameraMode":{"drawMode":0,"name":"Shaded","section":"Shading Mode"},"sceneLighting":false,"audioPlay":false,"sceneViewState":{"m_AlwaysRefresh":false,"showFog":true,"showSkybox":false,"showFlares":true,"showImageEffects":true,"showParticleSystems":true,"showVisualEffectGraphs":true,"m_FxEnabled":true},"in2DMode":false,"pivot":{"x":0.0576930046081543,"y":0.5159473419189453,"z":-0.028745651245117189},"rotation":{"x":0.1374569982290268,"y":-0.14673516154289246,"z":0.019488872960209848,"w":0.97996586561203},"size":5.067070484161377,"orthographic":false}