{"cameraMode":{"drawMode":0,"name":"Shaded","section":"Shading Mode"},"sceneLighting":false,"audioPlay":false,"sceneViewState":{"m_AlwaysRefresh":false,"showFog":true,"showSkybox":false,"showFlares":true,"showImageEffects":true,"showParticleSystems":true,"showVisualEffectGraphs":true,"m_FxEnabled":true},"in2DMode":false,"pivot":{"x":0.11375212669372559,"y":-2.227827787399292,"z":-0.27040404081344607},"rotation":{"x":-0.00031302496790885925,"y":0.998090386390686,"z":-0.06326352804899216,"w":-0.0038949446752667429},"size":2.608980655670166,"orthographic":true}