{"cameraMode":{"drawMode":0,"name":"Shaded","section":"Shading Mode"},"sceneLighting":true,"audioPlay":false,"sceneViewState":{"m_AlwaysRefresh":false,"showFog":true,"showSkybox":false,"showFlares":true,"showImageEffects":true,"showParticleSystems":true,"showVisualEffectGraphs":true,"m_FxEnabled":true},"in2DMode":false,"pivot":{"x":-11.276248931884766,"y":6.543528079986572,"z":0.19575536251068116},"rotation":{"x":-0.16184067726135255,"y":-0.025749972090125085,"z":0.004283098969608545,"w":-0.9865546226501465},"size":1.2073683738708497,"orthographic":false}