{"cameraMode":{"drawMode":0,"name":"Shaded","section":"Shading Mode"},"sceneLighting":false,"audioPlay":false,"sceneViewState":{"m_AlwaysRefresh":false,"showFog":true,"showSkybox":false,"showFlares":true,"showImageEffects":true,"showParticleSystems":true,"showVisualEffectGraphs":true,"m_FxEnabled":true},"in2DMode":false,"pivot":{"x":-0.00804150104522705,"y":2.0013508796691896,"z":0.004411518573760986},"rotation":{"x":0.010404020547866822,"y":0.2452823519706726,"z":-0.0029109222814440729,"w":0.9695327281951904},"size":1.0975033044815064,"orthographic":false}