{"cameraMode":{"drawMode":0,"name":"Shaded","section":"Shading Mode"},"sceneLighting":true,"audioPlay":false,"sceneViewState":{"m_AlwaysRefresh":false,"showFog":true,"showSkybox":false,"showFlares":true,"showImageEffects":true,"showParticleSystems":true,"showVisualEffectGraphs":true,"m_FxEnabled":true},"in2DMode":false,"pivot":{"x":-0.43258506059646609,"y":-0.49306297302246096,"z":1.7878425121307374},"rotation":{"x":0.17783550918102265,"y":-0.19167383015155793,"z":0.03165970742702484,"w":0.9652166366577148},"size":3.580627918243408,"orthographic":false}