{"cameraMode":{"drawMode":0,"name":"Shaded","section":"Shading Mode"},"sceneLighting":false,"audioPlay":false,"sceneViewState":{"m_AlwaysRefresh":false,"showFog":true,"showSkybox":false,"showFlares":true,"showImageEffects":true,"showParticleSystems":true,"showVisualEffectGraphs":true,"m_FxEnabled":true},"in2DMode":false,"pivot":{"x":1.2966012954711915,"y":1.3288311958312989,"z":-2.1858596801757814},"rotation":{"x":0.09266947209835053,"y":0.38227665424346926,"z":-0.03936494141817093,"w":0.9191400408744812},"size":1.0393123626708985,"orthographic":false}